Scale [Mt/year],Median [$/tonne],Low [$/tonne],High [$/tonne]
0.041077134,CARBON POSITIVE,CARBON POSITIVE,CARBON POSITIVE
0.050272228,CARBON POSITIVE,CARBON POSITIVE,CARBON POSITIVE
0.061525638,CARBON POSITIVE,CARBON POSITIVE,CARBON POSITIVE
0.075298118,CARBON POSITIVE,CARBON POSITIVE,CARBON POSITIVE
0.092153561,CARBON POSITIVE,CARBON POSITIVE,CARBON POSITIVE
0.112782085,CARBON POSITIVE,CARBON POSITIVE,CARBON POSITIVE
0.138028293,CARBON POSITIVE,CARBON POSITIVE,CARBON POSITIVE
0.16892585,CARBON POSITIVE,CARBON POSITIVE,CARBON POSITIVE
0.206739809,CARBON POSITIVE,CARBON POSITIVE,CARBON POSITIVE
0.253018402,CARBON POSITIVE,CARBON POSITIVE,CARBON POSITIVE
0.309656432,CARBON POSITIVE,CARBON POSITIVE,CARBON POSITIVE
0.378972854,CARBON POSITIVE,CARBON POSITIVE,CARBON POSITIVE
0.46380572,CARBON POSITIVE,CARBON POSITIVE,CARBON POSITIVE
0.567628376,CARBON POSITIVE,CARBON POSITIVE,CARBON POSITIVE
0.694691676,CARBON POSITIVE,CARBON POSITIVE,CARBON POSITIVE
0.850198026,CARBON POSITIVE,CARBON POSITIVE,CARBON POSITIVE
1.040514387,CARBON POSITIVE,CARBON POSITIVE,CARBON POSITIVE
1.273432962,CARBON POSITIVE,CARBON POSITIVE,CARBON POSITIVE
1.558490231,CARBON POSITIVE,CARBON POSITIVE,CARBON POSITIVE
1.907357414,CARBON POSITIVE,CARBON POSITIVE,CARBON POSITIVE
2.334318324,CARBON POSITIVE,CARBON POSITIVE,CARBON POSITIVE
2.856854199,CARBON POSITIVE,CARBON POSITIVE,CARBON POSITIVE
3.496359443,CARBON POSITIVE,CARBON POSITIVE,CARBON POSITIVE
4.279017585,CARBON POSITIVE,CARBON POSITIVE,CARBON POSITIVE
5.236873322,CARBON POSITIVE,CARBON POSITIVE,CARBON POSITIVE
6.40914454,CARBON POSITIVE,CARBON POSITIVE,CARBON POSITIVE
7.843828026,CARBON POSITIVE,CARBON POSITIVE,CARBON POSITIVE
9.599664623,CARBON POSITIVE,CARBON POSITIVE,CARBON POSITIVE
11.74854428,CARBON POSITIVE,CARBON POSITIVE,CARBON POSITIVE
14.37844947,CARBON POSITIVE,CARBON POSITIVE,CARBON POSITIVE
17.59705748,CARBON POSITIVE,CARBON POSITIVE,CARBON POSITIVE
21.53614914,CARBON POSITIVE,CARBON POSITIVE,CARBON POSITIVE
26.3570043,CARBON POSITIVE,CARBON POSITIVE,CARBON POSITIVE
32.25700525,CARBON POSITIVE,CARBON POSITIVE,CARBON POSITIVE
39.47771816,CARBON POSITIVE,CARBON POSITIVE,CARBON POSITIVE
48.3147837,CARBON POSITIVE,CARBON POSITIVE,CARBON POSITIVE
59.1300215,CARBON POSITIVE,CARBON POSITIVE,CARBON POSITIVE
72.36624435,CARBON POSITIVE,CARBON POSITIVE,CARBON POSITIVE
88.56538842,CARBON POSITIVE,CARBON POSITIVE,CARBON POSITIVE
108.390702,CARBON POSITIVE,CARBON POSITIVE,CARBON POSITIVE
132.6539011,CARBON POSITIVE,CARBON POSITIVE,CARBON POSITIVE
162.3484041,CARBON POSITIVE,CARBON POSITIVE,CARBON POSITIVE
198.6900052,CARBON POSITIVE,CARBON POSITIVE,CARBON POSITIVE
243.1666538,CARBON POSITIVE,CARBON POSITIVE,CARBON POSITIVE
297.5993757,CARBON POSITIVE,CARBON POSITIVE,CARBON POSITIVE
364.2168326,CARBON POSITIVE,CARBON POSITIVE,CARBON POSITIVE
445.7465706,CARBON POSITIVE,CARBON POSITIVE,CARBON POSITIVE
545.5266957,CARBON POSITIVE,CARBON POSITIVE,CARBON POSITIVE
667.642547,CARBON POSITIVE,CARBON POSITIVE,CARBON POSITIVE
817.0939646,CARBON POSITIVE,CARBON POSITIVE,CARBON POSITIVE
1000,CARBON POSITIVE,CARBON POSITIVE,CARBON POSITIVE
